order_id,order_date,ship_date,product_category,sub_category,region,sales,quantity,profit,postal_code,year,month,year_month
CA-2026-100001,2026-03-10,2026-03-14,Office Supplies,Chairs,North,550.55,4,95.09,75001,2026,3,2026-03
CA-2026-100002,2026-03-10,2026-03-14,Technology,Storage,East,278.46,3,24.55,75001,2026,3,2026-03
CA-2026-100003,2026-04-10,2026-04-14,Office Supplies,Phones,East,704.4,5,126.7,75001,2026,4,2026-04
CA-2026-100004,2026-11-10,2026-11-14,Furniture,Paper,North,629.67,6,135.75,75001,2026,11,2026-11
CA-2026-100005,2026-11-10,2026-11-14,Technology,Appliances,West,514.76,1,108.36,75001,2026,11,2026-11
CA-2026-100006,2026-06-10,2026-06-14,Office Supplies,Storage,North,394.97,4,89.2,75001,2026,6,2026-06
CA-2026-100007,2026-03-10,2026-03-14,Office Supplies,Storage,North,539.43,5,123.31,75001,2026,3,2026-03
CA-2026-100008,2026-05-10,2026-05-14,Furniture,Paper,East,754.18,4,102.67,75001,2026,5,2026-05
CA-2026-100009,2026-11-10,2026-11-14,Office Supplies,Storage,West,387.16,3,90.95,75001,2026,11,2026-11
CA-2026-100010,2026-08-10,2026-08-14,Office Supplies,Phones,North,212.67,4,14.03,75001,2026,8,2026-08
CA-2026-100011,2026-12-10,2026-12-14,Office Supplies,Phones,South,703.42,6,100.55,75001,2026,12,2026-12
CA-2026-100012,2026-09-10,2026-09-14,Office Supplies,Paper,South,481.03,6,94.96,75001,2026,9,2026-09
CA-2026-100013,2026-05-10,2026-05-14,Office Supplies,Paper,South,204.47,7,64.72,75001,2026,5,2026-05
CA-2026-100014,2026-03-10,2026-03-14,Technology,Phones,East,695.75,1,136.32,75001,2026,3,2026-03
CA-2026-100015,2026-03-10,2026-03-14,Technology,Storage,East,680.04,3,102.81,75001,2026,3,2026-03
CA-2026-100016,2026-03-10,2026-03-14,Technology,Phones,East,601.14,1,108.18,75001,2026,3,2026-03
CA-2026-100017,2026-04-10,2026-04-14,Technology,Storage,South,653.33,2,123.53,75001,2026,4,2026-04
CA-2026-100018,2026-05-10,2026-05-14,Office Supplies,Paper,South,483.65,7,91.38,75001,2026,5,2026-05
CA-2026-100019,2026-12-10,2026-12-14,Technology,Phones,East,720.25,6,122.24,75001,2026,12,2026-12
CA-2026-100020,2026-03-10,2026-03-14,Furniture,Phones,West,753.26,7,109.52,75001,2026,3,2026-03
CA-2026-100021,2026-02-10,2026-02-14,Office Supplies,Appliances,North,600.2,4,99.03,75001,2026,2,2026-02
CA-2026-100022,2026-12-10,2026-12-14,Technology,Chairs,East,458.5,6,84.36,75001,2026,12,2026-12
CA-2026-100023,2026-09-10,2026-09-14,Furniture,Chairs,West,432.6,6,94.22,75001,2026,9,2026-09
CA-2026-100024,2026-07-10,2026-07-14,Technology,Storage,South,601.12,5,114.18,75001,2026,7,2026-07
CA-2026-100025,2026-04-10,2026-04-14,Office Supplies,Chairs,West,275.47,6,64.08,75001,2026,4,2026-04
CA-2026-100026,2026-01-10,2026-01-14,Furniture,Storage,East,473.09,2,59.69,75001,2026,1,2026-01
CA-2026-100027,2026-02-10,2026-02-14,Furniture,Phones,West,452.02,7,75.32,75001,2026,2,2026-02
CA-2026-100028,2026-07-10,2026-07-14,Office Supplies,Storage,West,779.42,7,119.71,75001,2026,7,2026-07
CA-2026-100029,2026-10-10,2026-10-14,Furniture,Paper,North,448.48,5,68.76,75001,2026,10,2026-10
CA-2026-100030,2026-09-10,2026-09-14,Office Supplies,Storage,South,522.73,2,88.64,75001,2026,9,2026-09
CA-2026-100031,2026-05-10,2026-05-14,Technology,Paper,South,375.33,1,71.05,75001,2026,5,2026-05
CA-2026-100032,2026-06-10,2026-06-14,Furniture,Storage,East,195.8,4,24.33,75001,2026,6,2026-06
CA-2026-100033,2026-05-10,2026-05-14,Furniture,Phones,North,99.72,5,29.96,75001,2026,5,2026-05
CA-2026-100034,2026-02-10,2026-02-14,Furniture,Storage,North,575.71,4,110.11,75001,2026,2,2026-02
CA-2026-100035,2026-05-10,2026-05-14,Office Supplies,Appliances,South,442.36,3,53.78,75001,2026,5,2026-05
CA-2026-100036,2026-08-10,2026-08-14,Office Supplies,Chairs,West,551.21,1,76.19,75001,2026,8,2026-08
CA-2026-100037,2026-08-10,2026-08-14,Furniture,Appliances,West,307.72,4,59.24,75001,2026,8,2026-08
CA-2026-100038,2026-06-10,2026-06-14,Technology,Appliances,South,440.78,4,97.52,75001,2026,6,2026-06
CA-2026-100039,2026-04-10,2026-04-14,Technology,Appliances,South,258.58,3,68.37,75001,2026,4,2026-04
CA-2026-100040,2026-09-10,2026-09-14,Furniture,Appliances,West,571.2,4,116.39,75001,2026,9,2026-09
CA-2026-100041,2026-01-10,2026-01-14,Technology,Phones,East,170.56,1,41.29,75001,2026,1,2026-01
CA-2026-100042,2026-04-10,2026-04-14,Furniture,Storage,North,184.69,6,25.55,75001,2026,4,2026-04
CA-2026-100043,2026-02-10,2026-02-14,Furniture,Chairs,North,418.74,6,100,75001,2026,2,2026-02
CA-2026-100044,2026-02-10,2026-02-14,Furniture,Storage,East,486.76,5,78.88,75001,2026,2,2026-02
CA-2026-100045,2026-11-10,2026-11-14,Furniture,Phones,North,460.14,7,75.62,75001,2026,11,2026-11
CA-2026-100046,2026-04-10,2026-04-14,Technology,Phones,North,221.01,1,53.36,75001,2026,4,2026-04
CA-2026-100047,2026-05-10,2026-05-14,Technology,Phones,North,675.66,5,139.11,75001,2026,5,2026-05
CA-2026-100048,2026-02-10,2026-02-14,Furniture,Phones,West,607.13,2,130.14,75001,2026,2,2026-02
CA-2026-100049,2026-07-10,2026-07-14,Technology,Phones,South,296.73,2,47.48,75001,2026,7,2026-07
CA-2026-100050,2026-11-10,2026-11-14,Technology,Phones,South,495.23,4,114.24,75001,2026,11,2026-11
CA-2026-100051,2026-02-10,2026-02-14,Technology,Paper,North,551.56,4,80.25,75001,2026,2,2026-02
CA-2026-100052,2026-03-10,2026-03-14,Technology,Storage,North,79.67,4,2.75,75001,2026,3,2026-03
CA-2026-100053,2026-01-10,2026-01-14,Technology,Chairs,East,113.71,4,5.19,75001,2026,1,2026-01
CA-2026-100054,2026-05-10,2026-05-14,Technology,Chairs,North,787,2,147.92,75001,2026,5,2026-05
CA-2026-100055,2026-07-10,2026-07-14,Technology,Storage,West,545.42,3,105.27,75001,2026,7,2026-07
CA-2026-100056,2026-11-10,2026-11-14,Furniture,Chairs,South,650.64,7,119.1,75001,2026,11,2026-11
CA-2026-100057,2026-10-10,2026-10-14,Office Supplies,Appliances,South,406.23,7,81,75001,2026,10,2026-10
CA-2026-100058,2026-04-10,2026-04-14,Furniture,Chairs,South,367.97,1,49.88,75001,2026,4,2026-04
CA-2026-100059,2026-01-10,2026-01-14,Office Supplies,Chairs,South,640.54,6,89.49,75001,2026,1,2026-01
CA-2026-100060,2026-03-10,2026-03-14,Office Supplies,Chairs,North,605.41,3,111.87,75001,2026,3,2026-03
CA-2026-100061,2026-01-10,2026-01-14,Office Supplies,Paper,East,604.15,4,86.66,75001,2026,1,2026-01
CA-2026-100062,2026-02-10,2026-02-14,Technology,Phones,South,231.7,1,27.07,75001,2026,2,2026-02
CA-2026-100063,2026-04-10,2026-04-14,Furniture,Storage,South,80.67,4,10.91,75001,2026,4,2026-04
CA-2026-100064,2026-04-10,2026-04-14,Furniture,Appliances,East,420.96,3,52.35,75001,2026,4,2026-04
CA-2026-100065,2026-10-10,2026-10-14,Technology,Paper,West,538.48,3,91.16,75001,2026,10,2026-10
CA-2026-100066,2026-11-10,2026-11-14,Furniture,Phones,South,486.44,1,83.83,75001,2026,11,2026-11
CA-2026-100067,2026-11-10,2026-11-14,Technology,Paper,West,733.79,1,123.41,75001,2026,11,2026-11
CA-2026-100068,2026-11-10,2026-11-14,Furniture,Appliances,North,189.56,7,25.33,75001,2026,11,2026-11
CA-2026-100069,2026-05-10,2026-05-14,Furniture,Chairs,North,770.99,4,133.36,75001,2026,5,2026-05
CA-2026-100070,2026-10-10,2026-10-14,Furniture,Chairs,West,210.27,6,18.64,75001,2026,10,2026-10
CA-2026-100071,2026-07-10,2026-07-14,Technology,Storage,North,751.57,3,112.25,75001,2026,7,2026-07
CA-2026-100072,2026-06-10,2026-06-14,Furniture,Chairs,South,532.81,2,96.25,75001,2026,6,2026-06
CA-2026-100073,2026-05-10,2026-05-14,Office Supplies,Appliances,South,579.33,5,128.69,75001,2026,5,2026-05
CA-2026-100074,2026-04-10,2026-04-14,Furniture,Paper,East,315.24,3,55.44,75001,2026,4,2026-04
CA-2026-100075,2026-12-10,2026-12-14,Office Supplies,Phones,North,574.47,4,78.92,75001,2026,12,2026-12
CA-2026-100076,2026-03-10,2026-03-14,Technology,Chairs,North,788.26,6,131.12,75001,2026,3,2026-03
CA-2026-100077,2026-09-10,2026-09-14,Technology,Chairs,West,752.18,3,148.35,75001,2026,9,2026-09
CA-2026-100078,2026-09-10,2026-09-14,Furniture,Phones,East,791.04,7,122.57,75001,2026,9,2026-09
CA-2026-100079,2026-08-10,2026-08-14,Office Supplies,Appliances,West,764.2,6,115.27,75001,2026,8,2026-08
CA-2026-100080,2026-02-10,2026-02-14,Furniture,Phones,North,642.81,1,108.85,75001,2026,2,2026-02
CA-2026-100081,2026-04-10,2026-04-14,Technology,Appliances,South,189.02,4,38.24,75001,2026,4,2026-04
CA-2026-100082,2026-07-10,2026-07-14,Furniture,Paper,South,449.05,4,85.85,75001,2026,7,2026-07
CA-2026-100083,2026-10-10,2026-10-14,Office Supplies,Storage,East,572.28,1,112.56,75001,2026,10,2026-10
CA-2026-100084,2026-04-10,2026-04-14,Technology,Chairs,South,432.06,4,52.13,75001,2026,4,2026-04
CA-2026-100085,2026-08-10,2026-08-14,Technology,Paper,North,494.34,5,93.09,75001,2026,8,2026-08
CA-2026-100086,2026-05-10,2026-05-14,Technology,Phones,South,532.48,7,124.2,75001,2026,5,2026-05
CA-2026-100087,2026-04-10,2026-04-14,Technology,Chairs,East,176.72,2,45.28,75001,2026,4,2026-04
CA-2026-100088,2026-06-10,2026-06-14,Furniture,Paper,West,761.68,4,151.87,75001,2026,6,2026-06
CA-2026-100089,2026-02-10,2026-02-14,Furniture,Storage,South,313.73,6,70.2,75001,2026,2,2026-02
CA-2026-100090,2026-04-10,2026-04-14,Furniture,Storage,East,330.25,1,72.84,75001,2026,4,2026-04
CA-2026-100091,2026-02-10,2026-02-14,Technology,Phones,East,133.37,6,30.34,75001,2026,2,2026-02
CA-2026-100092,2026-02-10,2026-02-14,Furniture,Storage,West,161.07,6,59.77,75001,2026,2,2026-02
CA-2026-100093,2026-05-10,2026-05-14,Technology,Storage,South,535.27,6,124.64,75001,2026,5,2026-05
CA-2026-100094,2026-01-10,2026-01-14,Furniture,Phones,South,435.35,3,71.66,75001,2026,1,2026-01
CA-2026-100095,2026-02-10,2026-02-14,Office Supplies,Phones,West,525.94,4,78.15,75001,2026,2,2026-02
CA-2026-100096,2026-01-10,2026-01-14,Office Supplies,Chairs,West,660.94,1,125.75,75001,2026,1,2026-01
CA-2026-100097,2026-07-10,2026-07-14,Furniture,Phones,West,233.03,6,37.28,75001,2026,7,2026-07
CA-2026-100098,2026-02-10,2026-02-14,Furniture,Chairs,West,704.15,5,148.66,75001,2026,2,2026-02
CA-2026-100099,2026-04-10,2026-04-14,Furniture,Paper,North,517.24,7,77.76,75001,2026,4,2026-04
CA-2026-100100,2026-07-10,2026-07-14,Furniture,Appliances,South,628.02,3,95.48,75001,2026,7,2026-07
CA-2026-100101,2026-08-10,2026-08-14,Technology,Paper,North,224.45,1,72.91,75001,2026,8,2026-08
CA-2026-100102,2026-11-10,2026-11-14,Furniture,Paper,East,756.77,5,118.08,75001,2026,11,2026-11
CA-2026-100103,2026-08-10,2026-08-14,Office Supplies,Chairs,North,519.42,6,102.11,75001,2026,8,2026-08
CA-2026-100104,2026-04-10,2026-04-14,Office Supplies,Storage,North,788.76,3,110.2,75001,2026,4,2026-04
CA-2026-100105,2026-03-10,2026-03-14,Technology,Appliances,East,561.46,7,79.83,75001,2026,3,2026-03
CA-2026-100106,2026-08-10,2026-08-14,Furniture,Chairs,West,189.68,1,66.35,75001,2026,8,2026-08
CA-2026-100107,2026-09-10,2026-09-14,Technology,Paper,South,661.17,3,94.79,75001,2026,9,2026-09
CA-2026-100108,2026-08-10,2026-08-14,Furniture,Paper,West,183.44,7,39.35,75001,2026,8,2026-08
CA-2026-100109,2026-02-10,2026-02-14,Office Supplies,Appliances,North,392.75,1,65.84,75001,2026,2,2026-02
CA-2026-100110,2026-10-10,2026-10-14,Technology,Chairs,West,90.08,7,0.41,75001,2026,10,2026-10
CA-2026-100111,2026-02-10,2026-02-14,Technology,Appliances,South,555.65,5,122.9,75001,2026,2,2026-02
CA-2026-100112,2026-11-10,2026-11-14,Office Supplies,Appliances,West,157.9,5,11.26,75001,2026,11,2026-11
CA-2026-100113,2026-09-10,2026-09-14,Furniture,Storage,West,598.52,4,89.76,75001,2026,9,2026-09
CA-2026-100114,2026-12-10,2026-12-14,Technology,Phones,North,481.54,5,94.05,75001,2026,12,2026-12
CA-2026-100115,2026-09-10,2026-09-14,Technology,Chairs,West,421.55,1,51.45,75001,2026,9,2026-09
CA-2026-100116,2026-12-10,2026-12-14,Technology,Appliances,North,240.07,4,68.41,75001,2026,12,2026-12
CA-2026-100117,2026-09-10,2026-09-14,Technology,Appliances,West,551.85,1,114.3,75001,2026,9,2026-09
CA-2026-100118,2026-09-10,2026-09-14,Office Supplies,Chairs,East,198.7,2,60.79,75001,2026,9,2026-09
CA-2026-100119,2026-09-10,2026-09-14,Technology,Storage,East,701.81,4,116.29,75001,2026,9,2026-09
CA-2026-100120,2026-03-10,2026-03-14,Technology,Storage,East,194.16,1,51.07,75001,2026,3,2026-03
CA-2026-100121,2026-09-10,2026-09-14,Office Supplies,Appliances,South,172.88,6,60.66,75001,2026,9,2026-09
CA-2026-100122,2026-05-10,2026-05-14,Technology,Phones,North,312.98,7,45.08,75001,2026,5,2026-05
CA-2026-100123,2026-09-10,2026-09-14,Technology,Appliances,South,208.56,2,17.37,75001,2026,9,2026-09
CA-2026-100124,2026-07-10,2026-07-14,Furniture,Chairs,East,572.18,6,85.55,75001,2026,7,2026-07
CA-2026-100125,2026-08-10,2026-08-14,Furniture,Chairs,East,132.02,5,22.12,75001,2026,8,2026-08
CA-2026-100126,2026-07-10,2026-07-14,Office Supplies,Chairs,West,79.02,2,12.64,75001,2026,7,2026-07
CA-2026-100127,2026-02-10,2026-02-14,Office Supplies,Appliances,North,180.17,1,52.83,75001,2026,2,2026-02
CA-2026-100128,2026-01-10,2026-01-14,Office Supplies,Chairs,South,91.33,1,24.61,75001,2026,1,2026-01
CA-2026-100129,2026-01-10,2026-01-14,Technology,Appliances,West,173.18,1,18.71,75001,2026,1,2026-01
CA-2026-100130,2026-05-10,2026-05-14,Technology,Paper,East,494.57,4,100.13,75001,2026,5,2026-05
CA-2026-100131,2026-04-10,2026-04-14,Technology,Appliances,East,703.38,6,113.54,75001,2026,4,2026-04
CA-2026-100132,2026-03-10,2026-03-14,Technology,Phones,East,167.15,2,8.74,75001,2026,3,2026-03
CA-2026-100133,2026-08-10,2026-08-14,Office Supplies,Paper,South,526.84,3,93.29,75001,2026,8,2026-08
CA-2026-100134,2026-02-10,2026-02-14,Office Supplies,Chairs,East,652.24,2,100.36,75001,2026,2,2026-02
CA-2026-100135,2026-07-10,2026-07-14,Office Supplies,Phones,East,394.04,7,76.05,75001,2026,7,2026-07
CA-2026-100136,2026-11-10,2026-11-14,Office Supplies,Storage,North,588.36,2,104.14,75001,2026,11,2026-11
CA-2026-100137,2026-11-10,2026-11-14,Furniture,Storage,West,159.99,6,57.6,75001,2026,11,2026-11
CA-2026-100138,2026-12-10,2026-12-14,Technology,Chairs,West,798.46,7,156.75,75001,2026,12,2026-12
CA-2026-100139,2026-10-10,2026-10-14,Furniture,Storage,South,351.38,3,56.22,75001,2026,10,2026-10
CA-2026-100140,2026-02-10,2026-02-14,Furniture,Phones,East,683.48,7,134.36,75001,2026,2,2026-02
CA-2026-100141,2026-03-10,2026-03-14,Furniture,Appliances,West,354.2,3,57.67,75001,2026,3,2026-03
CA-2026-100142,2026-04-10,2026-04-14,Furniture,Storage,West,754.09,3,135.65,75001,2026,4,2026-04
CA-2026-100143,2026-07-10,2026-07-14,Technology,Phones,West,588.65,2,77.18,75001,2026,7,2026-07
CA-2026-100144,2026-01-10,2026-01-14,Office Supplies,Chairs,South,496.64,1,72.46,75001,2026,1,2026-01
CA-2026-100145,2026-03-10,2026-03-14,Office Supplies,Chairs,West,433.85,4,72.42,75001,2026,3,2026-03
CA-2026-100146,2026-07-10,2026-07-14,Furniture,Paper,North,242.34,1,62.77,75001,2026,7,2026-07
CA-2026-100147,2026-08-10,2026-08-14,Furniture,Appliances,West,743.37,5,147.94,75001,2026,8,2026-08
CA-2026-100148,2026-10-10,2026-10-14,Furniture,Storage,West,392.14,1,50.74,75001,2026,10,2026-10
CA-2026-100149,2026-03-10,2026-03-14,Office Supplies,Paper,North,163.44,3,48.15,75001,2026,3,2026-03
CA-2026-100150,2026-04-10,2026-04-14,Technology,Storage,North,525.69,2,85.11,75001,2026,4,2026-04
CA-2026-100151,2026-03-10,2026-03-14,Technology,Phones,South,532.59,6,67.21,75001,2026,3,2026-03
CA-2026-100152,2026-07-10,2026-07-14,Technology,Phones,East,616.31,4,98.61,75001,2026,7,2026-07
CA-2026-100153,2026-05-10,2026-05-14,Office Supplies,Storage,East,611.68,5,102.87,75001,2026,5,2026-05
CA-2026-100154,2026-08-10,2026-08-14,Furniture,Storage,South,122.83,1,36.65,75001,2026,8,2026-08
CA-2026-100155,2026-08-10,2026-08-14,Office Supplies,Chairs,North,188.24,6,35.12,75001,2026,8,2026-08
CA-2026-100156,2026-12-10,2026-12-14,Technology,Phones,West,155.19,4,37.83,75001,2026,12,2026-12
CA-2026-100157,2026-03-10,2026-03-14,Furniture,Paper,East,360.87,7,76.74,75001,2026,3,2026-03
CA-2026-100158,2026-07-10,2026-07-14,Technology,Storage,North,236.2,3,18.79,75001,2026,7,2026-07
CA-2026-100159,2026-08-10,2026-08-14,Technology,Phones,East,133.31,1,40.33,75001,2026,8,2026-08
CA-2026-100160,2026-05-10,2026-05-14,Technology,Appliances,North,612.4,2,125.98,75001,2026,5,2026-05
CA-2026-100161,2026-03-10,2026-03-14,Technology,Appliances,West,794.79,3,139.17,75001,2026,3,2026-03
CA-2026-100162,2026-05-10,2026-05-14,Office Supplies,Appliances,South,474.82,5,80.97,75001,2026,5,2026-05
CA-2026-100163,2026-11-10,2026-11-14,Office Supplies,Storage,South,589.4,4,89.3,75001,2026,11,2026-11
CA-2026-100164,2026-12-10,2026-12-14,Office Supplies,Phones,East,397.56,4,44.61,75001,2026,12,2026-12
CA-2026-100165,2026-08-10,2026-08-14,Office Supplies,Chairs,South,544.3,6,76.09,75001,2026,8,2026-08
CA-2026-100166,2026-11-10,2026-11-14,Technology,Appliances,North,410,6,103.6,75001,2026,11,2026-11
CA-2026-100167,2026-06-10,2026-06-14,Technology,Phones,North,212.79,3,67.05,75001,2026,6,2026-06
CA-2026-100168,2026-12-10,2026-12-14,Office Supplies,Phones,East,610.55,7,130.69,75001,2026,12,2026-12
CA-2026-100169,2026-11-10,2026-11-14,Office Supplies,Storage,North,648.25,2,98.72,75001,2026,11,2026-11
CA-2026-100170,2026-02-10,2026-02-14,Technology,Phones,West,688.87,1,106.22,75001,2026,2,2026-02
CA-2026-100171,2026-11-10,2026-11-14,Technology,Storage,South,145.62,1,53.3,75001,2026,11,2026-11
CA-2026-100172,2026-02-10,2026-02-14,Office Supplies,Appliances,North,345.5,4,55.28,75001,2026,2,2026-02
CA-2026-100173,2026-03-10,2026-03-14,Technology,Paper,South,397.78,3,96.64,75001,2026,3,2026-03
CA-2026-100174,2026-06-10,2026-06-14,Technology,Appliances,North,61.22,2,25.8,75001,2026,6,2026-06
CA-2026-100175,2026-04-10,2026-04-14,Furniture,Paper,West,224.47,3,19.92,75001,2026,4,2026-04
CA-2026-100176,2026-11-10,2026-11-14,Office Supplies,Phones,West,554.5,2,113.72,75001,2026,11,2026-11
CA-2026-100177,2026-05-10,2026-05-14,Furniture,Chairs,North,448.05,2,60.69,75001,2026,5,2026-05
CA-2026-100178,2026-05-10,2026-05-14,Furniture,Storage,East,664.47,6,91.32,75001,2026,5,2026-05
CA-2026-100179,2026-02-10,2026-02-14,Furniture,Storage,North,221.66,5,63.47,75001,2026,2,2026-02
CA-2026-100180,2026-01-10,2026-01-14,Technology,Appliances,East,402.04,2,84.33,75001,2026,1,2026-01
CA-2026-100181,2026-10-10,2026-10-14,Furniture,Chairs,East,72.28,1,49.56,75001,2026,10,2026-10
CA-2026-100182,2026-06-10,2026-06-14,Technology,Appliances,South,89.48,7,22.32,75001,2026,6,2026-06
CA-2026-100183,2026-08-10,2026-08-14,Technology,Paper,North,206.76,4,26.08,75001,2026,8,2026-08
CA-2026-100184,2026-04-10,2026-04-14,Office Supplies,Storage,East,503.6,3,110.58,75001,2026,4,2026-04
CA-2026-100185,2026-03-10,2026-03-14,Office Supplies,Phones,North,196.55,7,22.45,75001,2026,3,2026-03
CA-2026-100186,2026-11-10,2026-11-14,Furniture,Chairs,West,546.14,2,98.38,75001,2026,11,2026-11
CA-2026-100187,2026-01-10,2026-01-14,Technology,Chairs,West,780.43,6,129.87,75001,2026,1,2026-01
CA-2026-100188,2026-10-10,2026-10-14,Furniture,Paper,West,237.51,7,34,75001,2026,10,2026-10
CA-2026-100189,2026-10-10,2026-10-14,Technology,Storage,East,307.54,1,43.21,75001,2026,10,2026-10
CA-2026-100190,2026-12-10,2026-12-14,Office Supplies,Appliances,West,414.24,6,91.28,75001,2026,12,2026-12
CA-2026-100191,2026-04-10,2026-04-14,Office Supplies,Storage,West,503.48,2,66.56,75001,2026,4,2026-04
CA-2026-100192,2026-03-10,2026-03-14,Technology,Chairs,West,93.38,4,28.94,75001,2026,3,2026-03
CA-2026-100193,2026-07-10,2026-07-14,Office Supplies,Appliances,West,152.05,6,47.33,75001,2026,7,2026-07
CA-2026-100194,2026-11-10,2026-11-14,Furniture,Paper,North,165.16,2,42.43,75001,2026,11,2026-11
CA-2026-100195,2026-12-10,2026-12-14,Office Supplies,Storage,East,510.9,4,85.74,75001,2026,12,2026-12
CA-2026-100196,2026-06-10,2026-06-14,Furniture,Paper,South,60.71,4,6.71,75001,2026,6,2026-06
CA-2026-100197,2026-12-10,2026-12-14,Technology,Appliances,East,226.5,7,23.24,75001,2026,12,2026-12
CA-2026-100198,2026-09-10,2026-09-14,Technology,Paper,North,417.61,2,51.82,75001,2026,9,2026-09
CA-2026-100199,2026-06-10,2026-06-14,Furniture,Storage,East,660.74,5,102.72,75001,2026,6,2026-06
CA-2026-100200,2026-12-10,2026-12-14,Furniture,Storage,South,279.67,7,30.75,75001,2026,12,2026-12

